{
    "default_acceleration": "8000",
    "from": "User",
    "inherits": "0.16mm Optimal @Qidi Q2",
    "inner_wall_speed": "150",
    "internal_solid_infill_speed": "150",
    "is_custom_defined": "0",
    "name": "0.16mm Optimal @Qidi Q2 - PETG",
    "outer_wall_speed": "100",
    "print_settings_id": "0.16mm Optimal @Qidi Q2 - PETG",
    "sparse_infill_pattern": "gyroid",
    "sparse_infill_speed": "200",
    "top_surface_speed": "100",
    "travel_speed": "400",
    "version": "2.3.1.10",
    "wall_generator": "arachne"
}
