{
    "bottom_shell_layers": "5",
    "brim_type": "no_brim",
    "enable_prime_tower": "0",
    "from": "User",
    "gcode_label_objects": "1",
    "inherits": "0.20mm Standard @Qidi Q2",
    "initial_layer_line_width": "0.4",
    "inner_wall_line_width": "0.4",
    "internal_solid_infill_line_width": "0.4",
    "is_custom_defined": "0",
    "line_width": "0.4",
    "name": "0.20mm Standard @Qidi Q2 - Voron Print Settings",
    "outer_wall_line_width": "0.4",
    "print_settings_id": "0.20mm Standard @Qidi Q2 - Voron Print Settings",
    "slowdown_for_curled_perimeters": "0",
    "sparse_infill_density": "40%",
    "sparse_infill_line_width": "0.4",
    "sparse_infill_pattern": "gyroid",
    "support_line_width": "0.4",
    "top_bottom_infill_wall_overlap": "5%",
    "top_shell_thickness": "0",
    "top_surface_line_width": "0.4",
    "version": "2.3.0.3",
    "wall_loops": "4",
    "wall_sequence": "inner-outer-inner wall"
}
