{
    "bridge_flow": "1.5",
    "bridge_speed": "10",
    "brim_type": "no_brim",
    "default_acceleration": "12000",
    "from": "User",
    "gap_infill_speed": "150",
    "gcode_label_objects": "1",
    "inherits": "0.20mm Standard @Qidi Q2",
    "inner_wall_acceleration": "6000",
    "inner_wall_speed": "150",
    "internal_bridge_flow": "1.5",
    "internal_bridge_speed": "10",
    "internal_solid_infill_speed": "150",
    "is_custom_defined": "0",
    "name": "0.20mm Standard @Qidi Q2 - PETG",
    "outer_wall_acceleration": "3500",
    "outer_wall_speed": "100",
    "precise_outer_wall": "0",
    "print_settings_id": "0.20mm Standard @Qidi Q2 - PETG",
    "sparse_infill_pattern": "adaptivecubic",
    "sparse_infill_speed": "200",
    "top_surface_speed": "100",
    "version": "2.3.0.3",
    "wall_generator": "arachne",
    "wall_sequence": "inner-outer-inner wall"
}
