{
    "bottom_surface_pattern": "monotonicline",
    "bridge_flow": "1.5",
    "bridge_speed": "10",
    "brim_type": "outer_only",
    "brim_width": "0",
    "default_acceleration": "3000",
    "elefant_foot_compensation": "0.15",
    "enable_arc_fitting": "1",
    "from": "User",
    "inherits": "0.20mm Standard @Voron",
    "initial_layer_infill_speed": "100",
    "initial_layer_speed": "45",
    "inner_wall_acceleration": "7000",
    "internal_bridge_flow": "1.5",
    "internal_bridge_speed": "10",
    "is_custom_defined": "0",
    "min_skirt_length": "4",
    "name": "0.20mm Standard @Micron Default",
    "only_one_wall_top": "1",
    "overhang_3_4_speed": "25",
    "overhang_4_4_speed": "15",
    "print_settings_id": "0.20mm Standard @Micron Default",
    "raft_first_layer_density": "80%",
    "raft_first_layer_expansion": "3",
    "skirt_distance": "6",
    "skirt_height": "2",
    "skirt_loops": "2",
    "sparse_infill_pattern": "grid",
    "support_type": "tree(auto)",
    "top_shell_layers": "5",
    "top_shell_thickness": "0",
    "top_surface_acceleration": "2000",
    "version": "2.3.0.3",
    "wall_loops": "2"
}
