{
    "bottom_shell_layers": "5",
    "bridge_flow": "1.5",
    "bridge_speed": "10",
    "brim_type": "no_brim",
    "elefant_foot_compensation": "0.15",
    "enable_arc_fitting": "1",
    "from": "User",
    "inherits": "0.20mm Standard @Voron",
    "initial_layer_line_width": "0.4",
    "internal_bridge_flow": "1.5",
    "internal_bridge_speed": "10",
    "is_custom_defined": "0",
    "name": "0.20mm Standard @Voron Print Settings",
    "print_settings_id": "0.20mm Standard @Voron Print Settings",
    "sparse_infill_density": "40%",
    "sparse_infill_line_width": "0.4",
    "sparse_infill_pattern": "gyroid",
    "top_shell_layers": "5",
    "top_shell_thickness": "0",
    "version": "2.3.0.3",
    "wall_loops": "4"
}
