{
    "adaptive_bed_mesh_margin": "5",
    "auxiliary_fan": "1",
    "bbl_use_printhost": "0",
    "bed_custom_model": "",
    "bed_custom_texture": "",
    "bed_exclude_area": [
        "0x0",
        "11x0",
        "11x16",
        "0x16"
    ],
    "bed_mesh_max": "99999,99999",
    "bed_mesh_min": "-99999,-99999",
    "bed_mesh_probe_distance": "50,50",
    "before_layer_change_gcode": "",
    "best_object_pos": "0.5,0.5",
    "change_extrusion_role_gcode": "",
    "change_filament_gcode": "G1 Z{max_layer_z + 3.0} F1200\nTOOL_CHANGE_START F=[current_extruder] T=[next_extruder]\nDISABLE_ALL_SENSOR\n{if long_retractions_when_cut[previous_extruder]}\nMOVE_TO_TRASH\nG1 E-{retraction_distances_when_cut[previous_extruder]} F{old_filament_e_feedrate}\nM400\n{endif}\nCUT_FILAMENT T=[current_extruder]\nMOVE_TO_TRASH\nM106 S25\nM106 P2 S0\nUNLOAD_T[current_extruder]\n{if nozzle_temperature_range_high[current_extruder] >= nozzle_temperature_range_high[next_extruder]}\nM104 S{nozzle_temperature_range_high[current_extruder]}\n{else}\nM104 S{nozzle_temperature_range_high[next_extruder]}\n{endif}\nT[next_extruder]\n{if nozzle_temperature_range_high[current_extruder] >= nozzle_temperature_range_high[next_extruder]}\nSET_HEATER_TEMPERATURE HEATER=extruder TARGET={nozzle_temperature_range_high[current_extruder]} WAIT=1\n{else}\nSET_HEATER_TEMPERATURE HEATER=extruder TARGET={nozzle_temperature_range_high[next_extruder]} WAIT=1\n{endif}\n; FLUSH_START\nG1 E15 F900\nG1 E30 F300\n; FLUSH_END\n{if long_retractions_when_cut[previous_extruder]}\nG1 E{retraction_distances_when_cut[previous_extruder]} F{old_filament_e_feedrate}\n{endif}\n{if flush_length_1 > 1}\n; FLUSH_START\n{if flush_length_1 > 23.7}\nG1 E23.7 F{old_filament_e_feedrate}\nG1 E{(flush_length_1 - 23.7) * 0.02} F50\nG1 E{(flush_length_1 - 23.7) * 0.23} F{old_filament_e_feedrate}\nG1 E{(flush_length_1 - 23.7) * 0.02} F50\nG1 E{(flush_length_1 - 23.7) * 0.23} F{new_filament_e_feedrate}\nG1 E{(flush_length_1 - 23.7) * 0.02} F50\nG1 E{(flush_length_1 - 23.7) * 0.23} F{new_filament_e_feedrate}\nG1 E{(flush_length_1 - 23.7) * 0.02} F50\nG1 E{(flush_length_1 - 23.7) * 0.23} F{new_filament_e_feedrate}\n{else}\nG1 E{flush_length_1} F{old_filament_e_feedrate}\n{endif}\nG1 E-[old_retract_length_toolchange] F1800\n; FLUSH_END\n{endif}\n{if flush_length_2 > 1}\n; FLUSH_START\nG1 E[old_retract_length_toolchange] F300\nG1 E{flush_length_2 * 0.18} F{new_filament_e_feedrate}\nG1 E{flush_length_2 * 0.02} F50\nG1 E{flush_length_2 * 0.18} F{new_filament_e_feedrate}\nG1 E{flush_length_2 * 0.02} F50\nG1 E{flush_length_2 * 0.18} F{new_filament_e_feedrate}\nG1 E{flush_length_2 * 0.02} F50\nG1 E{flush_length_2 * 0.18} F{new_filament_e_feedrate}\nG1 E{flush_length_2 * 0.02} F50\nG1 E{flush_length_2 * 0.18} F{new_filament_e_feedrate}\nG1 E{flush_length_2 * 0.02} F50\nG1 E-[new_retract_length_toolchange] F1800\n; FLUSH_END\n{endif}\n{if flush_length_3 > 1}\nG1 X88 F9000\n; FLUSH_START\nG1 E[new_retract_length_toolchange] F300\nG1 E{flush_length_3 * 0.18} F{new_filament_e_feedrate}\nG1 E{flush_length_3 * 0.02} F50\nG1 E{flush_length_3 * 0.18} F{new_filament_e_feedrate}\nG1 E{flush_length_3 * 0.02} F50\nG1 E{flush_length_3 * 0.18} F{new_filament_e_feedrate}\nG1 E{flush_length_3 * 0.02} F50\nG1 E{flush_length_3 * 0.18} F{new_filament_e_feedrate}\nG1 E{flush_length_3 * 0.02} F50\nG1 E{flush_length_3 * 0.18} F{new_filament_e_feedrate}\nG1 E{flush_length_3 * 0.02} F50\nG1 E-[new_retract_length_toolchange] F1800\n; FLUSH_END\n{endif}\n{if flush_length_4 > 1}\n; FLUSH_START\nG1 E[new_retract_length_toolchange] F300\nG1 E{flush_length_4 * 0.18} F{new_filament_e_feedrate}\nG1 E{flush_length_4 * 0.02} F50\nG1 E{flush_length_4 * 0.18} F{new_filament_e_feedrate}\nG1 E{flush_length_4 * 0.02} F50\nG1 E{flush_length_4 * 0.18} F{new_filament_e_feedrate}\nG1 E{flush_length_4 * 0.02} F50\nG1 E{flush_length_4 * 0.18} F{new_filament_e_feedrate}\nG1 E{flush_length_4 * 0.02} F50\nG1 E{flush_length_4 * 0.18} F{new_filament_e_feedrate}\nG1 E{flush_length_4 * 0.02} F50\nG1 E-[new_retract_length_toolchange] F1800\n; FLUSH_END\n{endif}\nM400\nM106 S255\nM104 S[new_filament_temp]\nG1 X89 F60\nG1 X85 F60\nG1 X89 F60\nM109 S[new_filament_temp]\nCLEAR_OOZE\nTOOL_CHANGE_END\nG1 Y270 F5000\nM106 S0\nENABLE_ALL_SENSOR",
    "cooling_tube_length": "5",
    "cooling_tube_retraction": "91.5",
    "default_bed_type": "",
    "default_filament_profile": [
        "QIDI PLA Rapido @Qidi Q2 0.4 nozzle"
    ],
    "default_print_profile": "0.20mm Standard @Qidi Q2",
    "deretraction_speed": [
        "30"
    ],
    "disable_m73": "0",
    "emit_machine_limits_to_gcode": "1",
    "enable_filament_ramming": "1",
    "enable_long_retraction_when_cut": "2",
    "extra_loading_move": "-2",
    "extruder_clearance_height_to_lid": "120",
    "extruder_clearance_height_to_rod": "40",
    "extruder_clearance_radius": "70",
    "extruder_colour": [
        "#FCE94F"
    ],
    "extruder_offset": [
        "0x0"
    ],
    "fan_kickstart": "0",
    "fan_speedup_overhangs": "1",
    "fan_speedup_time": "0",
    "from": "User",
    "gcode_flavor": "klipper",
    "head_wrap_detect_zone": [],
    "high_current_on_filament_swap": "0",
    "host_type": "octoprint",
    "inherits": "Qidi Q2 0.4 nozzle",
    "is_custom_defined": "0",
    "layer_change_gcode": "{if timelapse_type == 1} ; timelapse with wipe tower\nG92 E0\nG1 E-[retraction_length] F1800\nG2 Z{layer_z + 0.4} I0.86 J0.86 P1 F20000 ; spiral lift a little\nG1 Y235 F20000\nG1 X97 F20000\n{if layer_z <=25}\nG1 Z25\n{endif}\nG1 Y254 F2000\nG92 E0\nM400\nTIMELAPSE_TAKE_FRAME\nG1 E[retraction_length] F300\nG1 X85 F2000\nG1 X97 F2000\nG1 Y220 F2000\n{if layer_z <=25}\nG1 Z[layer_z]\n{endif}\n{elsif timelapse_type == 0} ; timelapse without wipe tower\nTIMELAPSE_TAKE_FRAME\n{endif}\nG92 E0\nSET_PRINT_STATS_INFO CURRENT_LAYER={layer_num + 1}",
    "long_retractions_when_cut": [
        "0"
    ],
    "machine_end_gcode": "DISABLE_BOX_HEATER\nM141 S0\nM140 S0\nDISABLE_ALL_SENSOR\nG1 E-3 F1800\nG0 Z{max_layer_z + 3} F600\nUNLOAD_FILAMENT T=[current_extruder]\nG0 Y270 F12000\nG0 X90 Y270 F12000\nG1 Z{max_print_height - 10} F600\nM104 S0",
    "machine_load_filament_time": "35",
    "machine_max_acceleration_e": [
        "5000"
    ],
    "machine_max_acceleration_extruding": [
        "20000",
        "20000"
    ],
    "machine_max_acceleration_retracting": [
        "5000",
        "5000"
    ],
    "machine_max_acceleration_travel": [
        "9000",
        "9000"
    ],
    "machine_max_acceleration_x": [
        "20000"
    ],
    "machine_max_acceleration_y": [
        "20000"
    ],
    "machine_max_acceleration_z": [
        "500"
    ],
    "machine_max_jerk_e": [
        "4"
    ],
    "machine_max_jerk_x": [
        "9"
    ],
    "machine_max_jerk_y": [
        "9"
    ],
    "machine_max_jerk_z": [
        "4"
    ],
    "machine_max_junction_deviation": [
        "0",
        "0"
    ],
    "machine_max_speed_e": [
        "30"
    ],
    "machine_max_speed_x": [
        "600"
    ],
    "machine_max_speed_y": [
        "600"
    ],
    "machine_max_speed_z": [
        "20"
    ],
    "machine_min_extruding_rate": [
        "0",
        "0"
    ],
    "machine_min_travel_rate": [
        "0",
        "0"
    ],
    "machine_pause_gcode": "M0",
    "machine_start_gcode": "PRINT_START BED=[bed_temperature_initial_layer_single] HOTEND=[nozzle_temperature_initial_layer] CHAMBER=[chamber_temperature] EXTRUDER=[initial_no_support_extruder]\nSET_PRINT_STATS_INFO TOTAL_LAYER=[total_layer_count]\nM83\nM140 S[bed_temperature_initial_layer_single]\nM104 S[nozzle_temperature_initial_layer]\nM141 S[chamber_temperature]\nG4 P3000\nT[initial_tool]\nG1 X108.000 Y1 F30000\nG0 Z[initial_layer_print_height] F600\n;G1 E3 F1800\nG90\nM83\nG0 X128 E8  F{outer_wall_volumetric_speed/(24/20)    * 60}\nG0 X133 E.3742  F{outer_wall_volumetric_speed/(0.3*0.5)/4     * 60}\nG0 X138 E.3742  F{outer_wall_volumetric_speed/(0.3*0.5)     * 60}\nG0 X143 E.3742  F{outer_wall_volumetric_speed/(0.3*0.5)/4     * 60}\nG0 X148 E.3742  F{outer_wall_volumetric_speed/(0.3*0.5)     * 60}\nG0 X153 E.3742  F{outer_wall_volumetric_speed/(0.3*0.5)/4     * 60}\nG91\nG1 X1 Z-0.300\nG1 X4\nG1 Z1 F1200\nG90\nM400\nG1 X108.000 Y2.5 F30000\nG0 Z[initial_layer_print_height] F600\nM83\nG0 X128 E10  F{outer_wall_volumetric_speed/(24/20)    * 60}\nG0 X133 E.3742  F{outer_wall_volumetric_speed/(0.3*0.5)/4     * 60}\nG0 X138 E.3742  F{outer_wall_volumetric_speed/(0.3*0.5)     * 60}\nG0 X143 E.3742  F{outer_wall_volumetric_speed/(0.3*0.5)/4     * 60}\nG0 X148 E.3742  F{outer_wall_volumetric_speed/(0.3*0.5)     * 60}\nG0 X153 E.3742  F{outer_wall_volumetric_speed/(0.3*0.5)/4     * 60}\nG91\nG1 X1 Z-0.300\nG1 X4\nG1 Z1 F1200\nG90\nM400\nG1 Z1 F600",
    "machine_tool_change_time": "0",
    "machine_unload_filament_time": "35",
    "manual_filament_change": "0",
    "max_layer_height": [
        "0.32"
    ],
    "max_resonance_avoidance_speed": "120",
    "min_layer_height": [
        "0.08"
    ],
    "min_resonance_avoidance_speed": "70",
    "name": "Qidi Q2 0.4 nozzle - (0.03 z offset)",
    "nozzle_diameter": [
        "0.4"
    ],
    "nozzle_height": "2.5",
    "nozzle_hrc": "0",
    "nozzle_type": "stainless_steel",
    "nozzle_volume": "125",
    "parking_pos_retraction": "92",
    "pellet_modded_printer": "0",
    "preferred_orientation": "0",
    "printable_area": [
        "0x0",
        "270x0",
        "270x270",
        "0x270"
    ],
    "printable_height": "256",
    "printer_model": "Qidi Q2",
    "printer_notes": "",
    "printer_settings_id": "Qidi Q2 0.4 nozzle - (0.03 z offset)",
    "printer_structure": "corexy",
    "printer_technology": "FFF",
    "printer_variant": "0.4",
    "printhost_authorization_type": "key",
    "printhost_ssl_ignore_revoke": "0",
    "printing_by_object_gcode": "",
    "purge_in_prime_tower": "1",
    "resonance_avoidance": "0",
    "retract_before_wipe": [
        "0%"
    ],
    "retract_length_toolchange": [
        "2"
    ],
    "retract_lift_above": [
        "0"
    ],
    "retract_lift_below": [
        "259"
    ],
    "retract_lift_enforce": [
        "All Surfaces"
    ],
    "retract_restart_extra": [
        "0"
    ],
    "retract_restart_extra_toolchange": [
        "0"
    ],
    "retract_when_changing_layer": [
        "1"
    ],
    "retraction_distances_when_cut": [
        "18"
    ],
    "retraction_length": [
        "0.8"
    ],
    "retraction_minimum_travel": [
        "1"
    ],
    "retraction_speed": [
        "30"
    ],
    "scan_first_layer": "0",
    "silent_mode": "0",
    "single_extruder_multi_material": "1",
    "support_air_filtration": "1",
    "support_chamber_temp_control": "1",
    "support_multi_bed_types": "0",
    "template_custom_gcode": "",
    "thumbnails": "50x50/PNG",
    "thumbnails_format": "PNG",
    "time_cost": "0",
    "time_lapse_gcode": ";TIMELAPSE_TAKE_FRAME\n",
    "travel_slope": [
        "3"
    ],
    "upward_compatible_machine": [],
    "use_firmware_retraction": "0",
    "use_relative_e_distances": "1",
    "version": "2.3.0.3",
    "wipe": [
        "1"
    ],
    "wipe_distance": [
        "1"
    ],
    "z_hop": [
        "0.4"
    ],
    "z_hop_types": [
        "Auto Lift"
    ],
    "z_offset": "0.03"
}
