{
    "compatible_printers": [
        "Qidi Q2 0.4 nozzle"
    ],
    "dont_slow_down_outer_wall": [
        "1"
    ],
    "enable_pressure_advance": [
        "1"
    ],
    "filament_flow_ratio": [
        "0.97"
    ],
    "filament_max_volumetric_speed": [
        "17"
    ],
    "filament_settings_id": [
        "Bambu PETG HF - Tuned"
    ],
    "from": "User",
    "inherits": "Bambu PETG HF @System",
    "is_custom_defined": "0",
    "name": "Bambu PETG HF - Tuned",
    "version": "2.3.0.4"
}
