{
    "compatible_printers": [
        "Voron 2.4 250 0.4 nozzle"
    ],
    "enable_pressure_advance": [
        "1"
    ],
    "filament_settings_id": [
        "Generic PLA - Updated"
    ],
    "from": "User",
    "inherits": "Generic PLA @System",
    "is_custom_defined": "0",
    "name": "Generic PLA - Updated",
    "nozzle_temperature": [
        "230"
    ],
    "nozzle_temperature_initial_layer": [
        "230"
    ],
    "slow_down_layer_time": [
        "8"
    ],
    "slow_down_min_speed": [
        "20"
    ],
    "version": "2.3.1.0"
}
