{
    "compatible_printers": [
        "Anycubic Kobra 3 0.4 nozzle"
    ],
    "filament_settings_id": [
        "Generic PLA @Anycubic Kobra 3"
    ],
    "from": "User",
    "hot_plate_temp": [
        "60"
    ],
    "hot_plate_temp_initial_layer": [
        "60"
    ],
    "inherits": "Generic PLA @System",
    "is_custom_defined": "0",
    "name": "Generic PLA @Anycubic Kobra 3",
    "supertack_plate_temp": [
        "50"
    ],
    "supertack_plate_temp_initial_layer": [
        "50"
    ],
    "version": "2.3.0.3"
}
