{
    "compatible_printers": [
        "Voron 2.4 250 0.4 nozzle"
    ],
    "fan_max_speed": [
        "80"
    ],
    "fan_min_speed": [
        "50"
    ],
    "filament_flow_ratio": [
        "1.028"
    ],
    "filament_max_volumetric_speed": [
        "2.7"
    ],
    "filament_retraction_length": [
        "2"
    ],
    "filament_retraction_speed": [
        "25"
    ],
    "filament_settings_id": [
        "Generic TPU 95A"
    ],
    "filament_vendor": [
        "Generic"
    ],
    "from": "User",
    "inherits": "Bambu TPU 95A @System",
    "is_custom_defined": "0",
    "name": "Generic TPU 95A",
    "nozzle_temperature": [
        "220"
    ],
    "nozzle_temperature_initial_layer": [
        "225"
    ],
    "textured_plate_temp": [
        "55"
    ],
    "textured_plate_temp_initial_layer": [
        "55"
    ],
    "version": "2.3.1.10"
}
