{
    "compatible_printers": [
        "Voron 0.1 0.4 nozzle"
    ],
    "enable_pressure_advance": [
        "1"
    ],
    "filament_flow_ratio": [
        "0.99"
    ],
    "filament_max_volumetric_speed": [
        "8"
    ],
    "filament_settings_id": [
        "Kingroon PLA @Voron 0.2r1"
    ],
    "filament_vendor": [
        "Kingroon"
    ],
    "from": "User",
    "hot_plate_temp": [
        "60"
    ],
    "hot_plate_temp_initial_layer": [
        "60"
    ],
    "inherits": "Generic PLA @System",
    "is_custom_defined": "0",
    "name": "Kingroon PLA @Voron 0.2r1",
    "nozzle_temperature": [
        "210"
    ],
    "nozzle_temperature_initial_layer": [
        "210"
    ],
    "pressure_advance": [
        "0.01"
    ],
    "version": "2.3.0.3"
}
