{
    "compatible_printers": [
        "Sovol SV08 0.4 nozzle"
    ],
    "enable_pressure_advance": [
        "1"
    ],
    "filament_cost": [
        "10"
    ],
    "filament_flow_ratio": [
        "0.99"
    ],
    "filament_max_volumetric_speed": [
        "15"
    ],
    "filament_settings_id": [
        "Kingroon PLA @SV08"
    ],
    "filament_vendor": [
        "Kingroon"
    ],
    "filament_wipe": [
        "1"
    ],
    "from": "User",
    "inherits": "Generic PLA @System",
    "is_custom_defined": "0",
    "name": "Kingroon PLA @SV08",
    "nozzle_temperature": [
        "210"
    ],
    "nozzle_temperature_initial_layer": [
        "210"
    ],
    "nozzle_temperature_range_high": [
        "210"
    ],
    "overhang_fan_threshold": [
        "10%"
    ],
    "pressure_advance": [
        "0.05"
    ],
    "version": "2.3.0.3"
}
