{
    "close_fan_the_first_x_layers": [
        "5"
    ],
    "compatible_printers": [
        "Voron 0.1 0.4 nozzle"
    ],
    "enable_pressure_advance": [
        "1"
    ],
    "fan_max_speed": [
        "40"
    ],
    "filament_deretraction_speed": [
        "30"
    ],
    "filament_flow_ratio": [
        "0.95"
    ],
    "filament_max_volumetric_speed": [
        "8"
    ],
    "filament_retract_before_wipe": [
        "70%"
    ],
    "filament_retract_when_changing_layer": [
        "1"
    ],
    "filament_retraction_length": [
        "0.8"
    ],
    "filament_retraction_minimum_travel": [
        "1"
    ],
    "filament_retraction_speed": [
        "30"
    ],
    "filament_settings_id": [
        "Kingroon PETG @ Voron 0.2r1"
    ],
    "filament_vendor": [
        "Kingroon"
    ],
    "filament_wipe": [
        "1"
    ],
    "from": "User",
    "inherits": "Generic PETG @System",
    "is_custom_defined": "0",
    "name": "Kingroon PETG @ Voron 0.2r1",
    "nozzle_temperature": [
        "250"
    ],
    "nozzle_temperature_initial_layer": [
        "250"
    ],
    "nozzle_temperature_range_high": [
        "250"
    ],
    "nozzle_temperature_range_low": [
        "230"
    ],
    "pressure_advance": [
        "0.025"
    ],
    "slow_down_layer_time": [
        "10"
    ],
    "slow_down_min_speed": [
        "25"
    ],
    "temperature_vitrification": [
        "80"
    ],
    "version": "2.3.0.3"
}
