{
    "compatible_printers": [
        "Voron 2.4 250 0.4 nozzle"
    ],
    "filament_retraction_length": [
        "1.2"
    ],
    "filament_retraction_speed": [
        "35"
    ],
    "filament_settings_id": [
        "PolyFlex TPU 95A @Micron"
    ],
    "filament_vendor": [
        "Polymaker"
    ],
    "filament_z_hop": [
        "0.4"
    ],
    "filament_z_hop_types": [
        "Spiral Lift"
    ],
    "from": "User",
    "hot_plate_temp": [
        "40"
    ],
    "hot_plate_temp_initial_layer": [
        "40"
    ],
    "inherits": "Bambu TPU 95A @System",
    "is_custom_defined": "0",
    "name": "PolyFlex TPU 95A @Micron",
    "nozzle_temperature": [
        "233"
    ],
    "nozzle_temperature_range_high": [
        "230"
    ],
    "nozzle_temperature_range_low": [
        "210"
    ],
    "textured_plate_temp": [
        "40"
    ],
    "textured_plate_temp_initial_layer": [
        "40"
    ],
    "version": "2.3.1.10"
}
