{
    "compatible_printers": [
        "Elegoo Centauri Carbon 0.4 nozzle"
    ],
    "dont_slow_down_outer_wall": [
        "1"
    ],
    "enable_pressure_advance": [
        "1"
    ],
    "filament_retraction_length": [
        "0.4"
    ],
    "filament_settings_id": [
        "PolyLite ABS @Centauri Carbon 0.4"
    ],
    "from": "User",
    "inherits": "PolyLite ABS @System",
    "is_custom_defined": "0",
    "name": "PolyLite ABS @Centauri Carbon 0.4",
    "overhang_fan_threshold": [
        "10%"
    ],
    "pressure_advance": [
        "0.015"
    ],
    "version": "2.3.0.3"
}
