{
    "activate_air_filtration": [
        "1"
    ],
    "activate_chamber_temp_control": [
        "1"
    ],
    "chamber_temperature": [
        "45"
    ],
    "compatible_printers": [
        "Qidi Q2 0.4 nozzle"
    ],
    "complete_print_exhaust_fan_speed": [
        "100"
    ],
    "dont_slow_down_outer_wall": [
        "1"
    ],
    "during_print_exhaust_fan_speed": [
        "0"
    ],
    "enable_pressure_advance": [
        "1"
    ],
    "filament_settings_id": [
        "PolyLite ABS - Tuned"
    ],
    "from": "User",
    "inherits": "PolyLite ABS @System",
    "is_custom_defined": "0",
    "name": "PolyLite ABS - Tuned",
    "overhang_fan_threshold": [
        "10%"
    ],
    "pressure_advance": [
        "0.015"
    ],
    "version": "2.3.0.4"
}
